Company Name,Profile Heading,About Company,Email,Contact,Toll Free Number,Main Address,Address Pin code,Address URL,Company Registration Number,Country,State,City
U Enjoy Tours,U Enjoy Tours,,,,,Ramamurthy Nagar,560016,,,India,Karnataka,Bangalore
Make a wish education consultant,Make a wish education consultant,,,,,Model Town,141002,,,India,Punjab,Ludhiana
supreme Tours and Travels,supreme Tours and Travels,,,,,Dadar West,400028,,,India,Maharasthra,Mumbai
I Can Travels and Holidays,I Can Travels And Holidays,,,,,Pimple Saudagar,411027,,,India,Maharashtra,Pimpri Chinchwad
My Travel Buddy,My Travel Buddy,,,,,Kukatpally,500072,,,India,Telengana,Hyderabad
Sai Tour and Travels,Sai Tours and Travels,,,,,"Mohali, Chandigarh",160063,,,India,Punjab,Chandigarh
Sunrise Aviation,sunrise aviation,,,,,"Connaught Place, Delhi",110002,,,India,Delhi,Delhi
Wings your Way,Wings Your Way,,,,,"Sector 17C, Chandigarh",160017,,,India,Punjab,Chandigarh
Adinath Tour and Travel,Adinath Tour And Travel,,,,,"New Friends Colony, Delhi
",110025,,,India,Delhii,Delhi
Genius Travels,Genius Travels,,,,,"Kalyan East, Mumbai",421306,,,India,Maharasthra,Mumbai
Virtual Holidays Private Ltd,Virtual holidays Private Ltd,,,,,"Connaught Place, Delhi",110001,,,India,Delhi,Delhi
Flight Ticket fare,Flight Ticket Fare,,,,,"Sector 10, Panchkula",134109,,,India,Haryana,Panchkula
Champ Travels,Champ Travels,,,,,"Kochar Market, Ludhiana",141001,,,India,Punjab,Ludhiana
Skydeal Fares Private Limited,Skydeal Fares Private Limited,,,,,"Industrial Area Phase I, Chandigarh
",160002,,,India,Punjab,Chandigarh
Fly 2 Globe,Fly 2 Globe,,,,,"Sector 17, Chandigarh",160017,,,India,Punjab,Chandigarh
Balaji Travels,Balaji Travels,,,,,"Bow Barracks, Kolkata",700069,,,India,West Bengal,Kolkata
Travel Empire Tours And Travels,Travel Empire Tours And Travels,,,,,"Anna Nagar West Extension, Chennai",600101,,,India,Tamil Nadu,Chennai
Travel Café,Travel Café,,,,,"Basavanagudi, Bangalore",560004,,,India,Karnataka,Bangalore
Sudharsan Tours and Travels,Sudharsan Tours and Travels,,,,,"Egmore, Chennai",600008,,,India,Tamil Nadu,Chennai
Adil Pasha,Adil Pasha,,,,,"Gandhi Nagar, Bangalore",560001,,,India,Karnataka,Bangalore
Uniq Travel Connections,Uniq Travel Connections,,,,,"Frazer Town, Bangalore",560005,,,India,Karnataka,Bangalore
Aggarwal travels Agency,Aggarwal travels Agency,,,,,"Borivali East, Mumbai",400066,,,India,Maharasthra,Mumbai
Trip Your City,Trip Your City,,,,,"Sector 2, Noida",201301,,,India,Uttar Pradesh,Noida
Shreeji Krupa Travels,Shreeji Krupa Travels,,,,,"Manjalpur, Vadodara",390011,,,India,Gujarat,Vadodara
Velmurugan Travels,Velmurugan Travels,,,,,"Arapalayam, Madurai, 625016",625016,,,India,Tamilnadu,Madurai
Dynamic World Enterprise,Dynamic World Enterprise,,,,,"Sector 4, Gurgaon, 122001",122001,,,India,Haryana,Gurgaon
Rizwan Tours and Travels,Rizwan Tours and Travels,,,,,"Dindugul, Dindigul, 624003
",624003,,,India,Tamil Nadu,Dindigul
Lakshmi Travel Consultant,Lakshmi Travel Consultant,,,,,"Puliakulam, Coimbatore, 641045",641045,,,India,Tamilnadu,Coimbatore
Cresta Kans,Cresta Kans,,,,,"Sector 5, Panchkula",134114,,,India,Haryana,Panchkula
KK Travels,KK Travels,,,,,"Indirapuram, Ghaziabad, 201012",201012,,,India,Uttar Pradesh,Ghaziabad
Orchid Travel,Orchid Travel,,,,,"Malad West, Mumbai",400104,,,India,Maharasthra,Mumbai
Travel Frame,Travel Frame,,,,,"Sector 17C, Chandigarh",160017,,,India,Punjab,Chandigarh
Habib tours and Travels,Habib Tours and Travels,,,,,"Hatigaon, Guwahati",781038,,,India,Assam,Guwahati
E Zone ,E Zone,,,,,"Rupalheri, Sirhind Fatehgarh",140412,,,India,Punjab,Sirhind Fatehgarh
GJ Travels,GJ Travels,,,,,"Moulali, Hyderabad",500040,,,India,Telengana,Hyderabad
Tikam Tours and Travels,Tikam Tours and Travels,,,,,"Khar West, Mumbai",400052,,,India,Maharasthra,Mumbai
Trippers World Holidays,Trippers world Holidays,,,,,"Lalpur, Ranchi, 834001",834001,,,India,Jharkhand,Ranchi
FabHotel The Castle Homestay Inn,FabHotel The Castle Homestay Inn,,,,,"Khatipura, Jaipur, 302012",302012,,,India,Rajasthan,Jaipur
FabHotel Shri lakshmi palace,FabHotel Shri Lakshmi palace,,,,,"Sodala, Jaipur, 302019",302019,,,India,Rajasthan,Jaipur
FabHotel Destiny Inn,FabHotel Destiny Inn,,,,,"Sector 39, Gurugram, 122001",122001,,,India,Haryana,Gurugram
Fab Express aroma Corporate Suites,Fab Express Aroma Corporate suites,,,,,"Sector 70, Noida",201309,,,India,Uttar Pradesh,Noida
Fab Hotel Sahibs Hotel,Fab Hotel sahibs hotel,,,,,"Anand Nagar, Jaipur, 302012",302012,,,India,Rajasthan,Jaipur
Fab Express global Inn New,Fab Express global Inn New,,,,,"Kamta, Lucknow, 226010",226010,,,India,Uttar Pradesh,Lucknow
Fab Hotel Shiv Rachna,Fab Hotel Shiv Rachna,,,,,"Mansarovar, Jaipur, 302020",302020,,,India,Rajasthan,Jaipur
Fab Hotel Emoji Stays,Fab Hotel Emoji Stays,,,,,"Jharsa Rd, Gurgaon, 122001",122001,,,India,Haryana,Gurgaon
Fab Express Manas Residency,Fab Express Manas Residency,,,,,"Chembur, Mumbai, 400071",400071,,,India,Maharasthra,Mumbai
Fab Hotel Blue Moon Residency,Fab Hotel Blue Moon Residency,,,,,"Sector - 45, Gurgaon, 122001",122001,,,India,Haryana,Gurgaon
Fab Hotel Grand Capitol,Fab Hotel Grand Capitol,,,,,"Shyam Nagar, Jaipur, 302019",302019,,,India,Rajasthan,Jaipur
Fab Express Evanka,Fab Express Evanka,,,,,"Mahalaxmi Nagar,, Indore, 452001",452001,,,India,Madhya Pradesh,Indore
Fab Express HGC Grand,Fab Express HGC Grand,,,,,"Mansarovar,, Jaipur, 302019",302019,,,India,Rajasthan,Jaipur
Fab Hotel gangashrey,Fab Hotel Gangashrey,,,,,"Mansarovar, Jaipur, 302020",302020,,,India,Rajasthan,Jaipur
Fab Hotel prime Rudra,Fab Hotel Prime Rudra,,,,,"Vaishali Nagar, Jaipur, 302021",302021,,,India,Rajasthan,Jaipur
Fab Hotel GMC Grand,Fab Hotel GMC Grand,,,,,"Gomti Nagar, Lucknow, 226010",226010,,,India,Uttar Pradesh,Lucknow
Fab Hotel West Inn,Fab Hotel West Inn,,,,,"Saki Naka, Mumbai, 400072",400072,,,India,Maharasthra,Mumbai
Fab Hotel Cameron,Fab Hotel Cameron,,,,,"Sarita Vihar, New Delhi, 110025",110025,,,India,New Delhi,New Delhi
Fab Hotel Aries,Fab Hotel Aries,,,,,"Mahipalpur, New Delhi, 110037",110037,,,India,New Delhi,New Delhi
Fab express Naman Palace,Fab Express Naman Palace,,,,,"Lalghati, Bhopal, 462030",462030,,,India,Madhya Pradesh,Bhopal
Fab Hotel Hibiscus Stays,Fab Hotel Hibiscus Stays,,,,,"Sholinganallur, Chennai, 600119",600119,,,India,Tamil Nadu,Chennai
Fab Express sugar Cube,Fab Express Sugar Cube,,,,,"Bagmugaliya, Bhopal, 462026",462026,,,India,Madhya Pradesh,Bhopal
Fab Express Travellers Lodge,Fab Express Travellers Lodge,,,,,"Brijlalpura, Jaipur, 302020",302020,,,India,Rajasthan,Jaipur
Fab Express comfortable Stay,Fab Express comfortable Stay,,,,,"Shri Ram Colony, Bhopal, 462026",462026,,,India,Madhya Pradesh,Bhopal
Fab Hotel Karol,Fab Hotel karol,,,,,"Jagatpura, Jaipur, 302017",302017,,,India,Rajasthan,Jaipur
Fab Hotel Direct Checkin,Fab Hotel Direct Checkin,,,,,"Madhapur, Hyderabad, 500018",500018,,,India,Telengana,Hyderabad
Fab Hotel Rushank Palace,Fab Hotel Rushank Palace,,,,,"Mansarovar, Jaipur, 302015",302015,,,India,Rajasthan,Jaipur
Fab Hotel Kohinoor Residency,Fab Hotel Kohinoor Residency,,,,,"Kharadi, Pune, 411014",411014,,,India,Mumbai,Pune
Fab Express Saket Inn,Fab Express Saket Inn,,,,,"Vaishali Nagar, Jaipur",302021,,,India,Rajasthan,Jaipur
Fab Hotel Golden Leaf,Fab Hotel Golden Leaf,,,,,"Sector 31, Gurgaon, 122001",122001,,,India,Haryana,Gurgaon
Fab Hotel Sag,Fab Hotel Sag,,,,,"Pratap Nagar, Jaipur, 302033",302033,,,India,Rajasthan,Jaipur
Fab Hotel Shubhshree,Fab Hotel Shubhshree,,,,,"Vijay Nagar, Indore, 452010",452010,,,India,Madhya Pradesh,Indore
FiestaBugg enterprises,FiestaBugg enterprises,,,,,"Janakpuri, Delhi, 110058",110058,,,India,Delhi,Delhi
NewStep Holidays,NewStep Holidays,,,,,"Sapna Sangeeta Road, Indore, 452001",452001,,,India,Madhya Pradesh,Indore
Just Call services,Just call services,,,,,"Ramalingeswara Pet, Tenali, 522201",522201,,,India,Andhra Pradesh,Tenali
Murali Krishna Transports And Travels,Murali Krishna Transports And Travels,,,,,"Old Town, Anantapur, 515001",515001,,,India,Tamilnadu,Anantapur
PSR Travels,PSR Travels,,,,,"Malakpet, Hyderabad, 500036",500036,,,India,Telengana,Hyderabad
Travel Destiny Holiday and Visa,Travel Destiny Holiday And Visa,,,,,"Borivali East, Mumbai",400066,,,India,Maharasthra,Mumbai
Aman Singh,Aman Singh,,,,,"Beltola, Guwahati, 781028",781028,,,India,Assam,Guwahati
Jiyansh Holidays,Jiyansh Holidays,,,,,"Maninagar, Ahmedabad, 380008",380008,,,India,Gujarat,Ahmedabad
International travel And Business Solutions,International travel and Business Solution,,,,,"Vesu, Surat, 395007",395007,,,India,Gujarat,Surat
Zostel vacations,Zostel Vacations,,,,,"Horamavu, Bangalore, 560043",560043,,,India,Karnataka,Bangalore
Destination Point,Destination Point,,,,,"G.T.B. Nagar, Delhi, 110009",110009,,,India,Delhi,Delhi
BH Constructions,BH Constructions,,,,,"Narayan Peth, Pune, 411030",411030,,,India,Maharashtra,Pune
Refund Free Travel,Refund Free Travel,,,,,"Dombivali East, Mumbai, 421204",421204,,,India,Maharasthra,Mumbai
24 Chhuttii,24 Chhuttii,,,,,"Hari Nagar, Delhi",110064,,,India,Delhi,Delhi
Glitter tours And Travels,Glitter Tours And Travels,,,,,"Madipakkam, Chennai, 600091",600091,,,India,Tamil Nadu,Chennai
Rajwara Tours N Travels,Rajwara Tours N Travels,,,,,"Gandhi Chowk, Sonipat, 131001",131001,,,India,Haryana,Sonipat
Travel Right,Travel Right,,,,,"Bogadi, Mysore",570026,,,India,Karnataka,Mysore
Travels Duniyaa,Travels Duniyaa,,,,,"New Shimla, Shimla",171002,,,India,Himachal Pradesh,Shimla
Destiny Travels,Destiny Travels,,,,,"Old Delhi, Delhi",110094,,,India,Delhi,Delhi
Guru Travels Services,Guru Travels Services,,,,,"Connaught Place, Delhi, 110001",110001,,,India,Delhi,Delhi
India Incredible,India Incredible,,,,,"Malviya Nagar, Delhi, 110017",110017,,,India,Delhi,Delhi
Deep Travels,Deep Travels,,,,,"Andheri, mumbai",400053,,,India,Maharasthra,Mumbai
Star Travels,Star Travels,,,,,"Ghatkopar East, Mumbai",400077,,,India,Maharasthra,Mumbai
Sri Sai Travels,Sri Sai Travels,,,,,"Andheri West, mumbai",400058,,,India,Maharasthra,mumbai
JV Advertising,JV Advertising,,,,,"Nangloi, Delhi, 110041",110041,,,India,Delhi,Delhi
Pasla Foreign Exchange Pvt Ltd,Pasla Foreign Exchange Pvt Ltd,,,,,"Cantonment, Trichy",620001,,,India,Tamil Nadu,Trichy
Make Your holidays India Pvt Ltd,Make Your Holidays India Pvt Ltd,,,,,"KP Road, Adoor
",691523,,,India,Kerala,Adoor
Sai Travel Agencies,Sai Travel Agencies,,,,,"Tambaram East, Chennai",600059,,,India,Tamil Nadu,Chennai
Bala Tours And Travels,Bala Tours And Travels,,,,,"T. Nagar, Chennai",600017,,,India,Tamil Nadu,Chennai
Citi Air Transport Pvt Ltd,Citi Air Transport Pvt Ltd,,,,,"Egmore, Chennai, 600008
",600008,,,India,Tamil Nadu,Chennai
